feature_set,model,cv,n_features,usable_rows,n_folds,mae_mean,mae_std,rmse_mean,rmse_std,r2_mean,r2_std,bias_mean,bias_std
recommended,RandomForest,GroupKFold,20,219,5,17.254816772374912,2.6698812912160967,22.610429818563308,2.317070813873325,0.6646893137740062,0.0682732848993831,0.4916955602536996,4.208837275477688
recommended_no_anthro,RandomForest,GroupKFold,18,219,5,19.328781183932342,2.2216651106745604,25.284634532627564,3.1770350183276546,0.5813393410593243,0.0962081074335495,0.7442991543340371,3.513196083233739
timing_only,RandomForest,GroupKFold,4,219,5,26.041265845330383,3.2449701498881574,33.53764935281624,3.725575904278356,0.2547415334656538,0.1975382952551136,0.5562402840699361,5.09522007450095
anthro_only,RandomForest,GroupKFold,2,219,5,28.919285116340085,2.431167435263981,35.95638834743854,2.657441978729428,0.1602966859854079,0.0911722754739092,2.2331218840727813,5.3668675178628815
